章序,标题,字数,首句,场景标签,出场人物数
0,自序,997,说来这应当是第一本信誓旦旦一定要写完发表的书，当然这不是第一次写了，曾经也有过尝试，但因为一些突发情况，横竖是放弃了,"江湖,山野",2
1,一、,1652,“怎么天黑了才来,"村落,山野",2
2,二、,1812,望岳镇“南街又有人被杀了,,3
3,三、,3077,任琅走出酒楼，发现城中喧闹异常，他走向街边的乞丐，询问这是发生了何事，乞丐眼睛一亮，贴近过来：“这位爷，这事您找我可算找,城池,2
4,四、,3180,“好了，该出发了”影的声音再次从屋顶传来,"山野,寺观,林间,城池,庙宇",4
5,五、,3081,“这里面会一直是黑夜，这个吹火筒给你,"城池,府邸,山野",4
6,六、,3204,悄悄摸进城不久，任琅忽然听得前方遥遥传来马蹄声，急忙四下找到一处门半掩的破屋钻了进去,城池,4
7,七、,2331,任琅拽了个凳子到床边，就这么守着,城池,4
8,八、,2139,弈剑峰——弈剑门中堂“怎么可能,"城池,客栈",3
9,九、,1555,朱桥桥头，一位朝廷官员在给来客分发祈福红纸与蜡块，尚樱排在队伍中，而任琅则专注于头顶挂着的一个个关于“情花节”的故事,城池,2
10,十、,2510,“哈哈哈，倒是有两下子,"江湖,城池,客栈",3
11,十一、,2789,待福和几名军士把任琅抬回客房，天边已经几近破晓,"城池,战场,府邸",3
12,十二、,2304,入了夜，在尚樱回自己房间后，福带着些许神秘地问：“我去买东西时，尚姑娘可对少侠说了什么没有,府邸,3
13,十三、,1762,“元工匠人可在此处,客栈,2
14,十四、,2483,一个四十左右的男人背着一个背筐，筐里是布垫子以及一个看上去不到三岁的孩子,"山野,寺观,村落",4
15,十五、,2750,二十余年前,"山野,寺观,村落,客栈",2
16,十六、,3245,三十余年前“所以你就打算让这只猴子守护那‘仙门之物’,"山野,村落,宫阙,客栈,城池,寺观",3
17,十七、,2731,十余年前，深宫内“您让我去平了‘梨阳王’,"村落,山野,城池,宫阙,林间",4
18,十八、,2746,川阴城的宫殿在城的最南端，依山势而建，其中所居之人便是现任唯一的异姓王——川阴王——陈奉天,"城池,村落,宫阙,山野",5
19,十九、,3624,“报，王爷，王慕归，求见,城池,5
20,二十、,6514,一大早李博便带着三五个弟兄登门造访，每人都抱着一个大箱子,"府邸,城池,山野,驿站,庄院,宫阙",7
21,二十一、,3224,“他们已经动手了,"城池,府邸,宫阙",8
22,二十二、,2732,到达川阴城的前二十天，任琅一行人行至暮山城,"城池,山野,客栈",4
23,二十三、,3647,“公主殿下病了……可眼前连一个铜板也不剩……也不知这里是否还会有追兵,"宫阙,城池,山野",6
24,二十四、,3692,城外军营中，一个身着破烂衣衫的独眼男人站在赵骁、赵翔父子前，小心翼翼地呈上一张密信,"宫阙,城池,山野,府邸",10
25,二十五、,3341,二十多年前,"山野,府邸,城池",2
26,二十六、,2719,一个身着黑灰麻布袍的人骑着一头牛自山门外慢悠悠走入,山野,6
27,二十七、,3248,“这是哪,"城池,山野",5
28,二十八、,6282,“所以，你之后向做什么,"城池,宫阙,林间,村落,山野,寺观",9
29,二十九、,5481,海郡城外来了一队车马，车内坐的正是黄氏商帮的老大——黄亚钊，赵穗良也在一众随行的刀客之中,"城池,宫阙",9
30,三十、,5574,“谢爱卿……把你女儿献给朕如何,"城池,宫阙,山野,林间,江湖",7
31,三十一、,2881,谢仁玄知皇帝早晚要取走女儿性命，便连忙与新晋状元约定嫁娶之事，想借此再用将死的女儿拉拢这状元陆宇堃，于是这没几日，谢仁玄,"城池,府邸",6
32,三十二、,3059,天边的太阳照常升起，忙了一整夜的苏雨可算把事情了清，两眼无神地望着案头那整理好的几张草纸，眉头皱的更紧了,"城池,宫阙",7
33,三十三、,6335,刚出城门不久，任琅突然拉住马，坐在任琅身边的尚樱瞪着疑惑的大眼睛望着任琅：“这是做什么，怎么突然停了,"城池,山野,府邸",12
34,三十四、,6659,却说张广义回到奉秋，箭伤没有痊愈再加上急火攻心，卧病在床是气若游丝，十日内许达又拿下了石陵包围了奉秋，手下几名副将不敢实,"山野,城池,宫阙",5
35,三十五、,4882,许达在奉秋城外围了许久，见毫无进展，一声令下撤了军,"城池,山野,宫阙,林间",13
36,三十六、,4943,夏叶伸手敲敲门，不多时，有些老旧的门“吱”一声打开，开门的人正是端木邦,"山野,庄院",9
37,三十七、,7607,“我才发现，这边堆积的信件中有夏叶老弟寄来的请柬，虽然晚了点，但我也得去一趟，顺便后天拜祭一下母亲,"城池,村落,府邸,山野",10
38,三十八、,3124,乌云盖住弯月，夜雨毫无征兆地降临,"城池,山野,宫阙,林间",10
39,三十九、,4215,待任琅两人行至弈剑峰前山，时间已过正午，一眼望去，山脚处一条自谷地流出的小溪旁有一间草庐，院中还放有习武所用的木桩等物,"山野,城池,宫阙,林间",7
40,四十、,3145,陈奉天听闻赵骁已到城外，连忙带几名近臣迎出宫去，方出宫门正赶上赵骁只身前来复命,"城池,宫阙,府邸,山野",8
41,四十一、,3000,却说一个多月后，苏沐文抵达望岳镇，没费多大工夫便找到府门，四下看看发觉并无有人值守，索性径直走入门来，正巧撞见在前院洗砚,"府邸,城池,宫阙,山野",7
42,四十二、,3915,时间转瞬到了中秋，尚樱洗漱完毕，轻描两笔眼眉，换上王室的秋装礼服，朱红绸缎上锈金线鸾凤,"府邸,山野,城池,宫阙",11
43,四十三、,4504,“你看你，到晚上了又嫌麻烦，甩给王芣,"城池,府邸,宫阙,山野,客栈",15
44,四十四、,7175,任琅一行到了梨阳城，准备通过梨阳大桥去到川南，远远望去，梨阳大桥附近堵的水泄不通,"城池,宫阙,朝堂,山野,驿站,府邸",11
45,四十五、,3382,这日，马远正在营帐中研究偷摸渡河，忽地帐帘被猛然掀开，探子来报，说东北方向来了一大队人马，远远望去没有六千也少不了多少,"城池,林间,客栈,宫阙,山野",9
46,四十六、,3802,时间转眼来到岁末，依常规，陈奉天当于今日傍晚在正殿前的广场宴请文武近臣，今年自然也不例外,"宫阙,驿站",7
47,四十七、,3667,这日一大早，马远自军帐中收到一只信鸽送来的信，取下后立即将信鸽放飞，一眼扫完内容顺手丢入炭盆中，静静看着完全化为灰烬后，,"城池,宫阙,山野",7
48,四十八、,3359,幽山村，是位于幽山群峰外围的小村落，不甚有外人，然而此时村口小酒馆门边却坐着两个外人,"城池,村落,府邸,山野,林间,庄院",12
49,四十九、,4760,------------------------------------------------------------,"山野,林间,宫阙,城池,村落,庄院",6
50,五十、,2959,------------------------------------------------------------,"林间,山野,城池",10
51,五十一、,3984,------------------------------------------------------------,"山野,城池",8
52,五十二、,3363,任琅刚刚脱下盔甲，只听得外面吵吵嚷嚷，快步出门，只见不远处营门口，一个壮汉单手举着一段硕大的枯木充当盾牌，侧身奋力一撞，,"山野,城池,江湖",6
53,五十三、,3025,赵翔看着那日渐坚固的城防，满眼都是无可奈何，越拖下去越难攻克,"城池,山野,宫阙",8
54,五十四、,5216,不知不觉又到了月圆之时，尚樱望着窗外如清水般的月色，随手玩弄着刚刚自营中揪来的狗尾草，轻声对任琅说：“月色不错，出去走走,"林间,城池,山野",4
55,五十五、,4553,“报大帅，川陵太守的人马突然在我粮道出现，还放火烧了我军粮车,"城池,山野,林间,宫阙",8
56,五十六、,4070,牛银这边的情况也不容乐观，在接下这几日的猛烈攻势后，城内的箭矢储备已然见底，更令人担忧的是，虽然粮道畅通，但从京城运来的,"城池,林间,山野,府邸",8
57,五十七、,3658,黄沙戈壁上，刑泰接到父亲刑布兵败身亡的消息，有些不可置信地回头望向东侧天空，口里喃喃道：“怎么会……怎么会,"城池,林间,宫阙,山野",7
58,五十八、,4937,------------------------------------------------------------,"林间,城池,宫阙",5
59,五十九、,4213,仙境“给，有人托我转交给你,"城池,宫阙,府邸",11
60,六十、,4126,赵翔在侍女的安排下在正厅入座，身后站着两名亲兵，还有十余人站在前院,"城池,宫阙,庄院",11
61,六十一、,5634,黄四海一路急行，比原本预计的时间早了三天，绕过浣冰北侧两县城，在获得赵翔的批准后直接将手下约一万人驻在浣冰郡城外的山坡之,"城池,府邸,庄院,山野",8
62,六十二、,3911,“这下终于能睡个好觉了,"城池,山野,驿站,庄院,府邸,宫阙",11
