姓名,角色,阵营,总提及,出场章数,首出场章,末出场章,备注
任琅,主,江湖,1510,61,0,62,男主，执打刀的少年，立誓出山看世界
尚樱,主,江湖,1269,57,0,62,女主，蓝眼少女，月下与任琅比刀
夏叶,配,门派,329,23,17,59,多次主动寻任琅比试
陈奉天,配,朝堂,294,31,17,62,朝中人物，多章传唤任琅/尚樱
刘笑岩,配,门派,288,18,25,48,常与夏叶同场
许达,配,待定,219,20,14,61,
苏雨,配,待定,143,16,28,61,
赵翔,配,待定,125,18,22,61,
刑布,配,战场,124,19,8,62,
马远,配,待定,117,14,24,61,
赵骁,配,战场,113,10,21,51,骑兵追击牛金
苏沐文,配,待定,109,11,32,61,
张潇璃,配,待定,100,8,41,62,
李博,配,待定,93,9,4,42,
聂林,配,待定,92,8,48,58,
尚衫虎,配,待定,75,5,2,6,
虞环,配,朝堂,73,9,18,62,尚樱曾旁听其早朝；被称'虞环姐'
王芣,配,待定,56,10,35,62,
刘基,待定,待定,46,5,50,62,
赵穗良,待定,待定,44,3,26,29,
刑泰,配,战场,42,5,31,62,兵败投降
牛银,配,战场,34,5,50,56,
张百慧,待定,待定,33,5,20,24,
牛金,配,战场,26,3,50,52,撤兵，被赵骁追击
刘媛灵,配,江湖,24,4,1,24,早期与任琅比试的少女(蓝眼?)关联人物
张洵,待定,待定,20,3,20,42,
张广义,待定,待定,19,4,33,38,
李叔,待定,待定,17,6,7,42,
陈番,待定,朝堂,16,6,24,62,疑为陈奉天下属
李月婵,待定,待定,13,4,29,43,
苏氏,待定,待定,12,11,26,60,
任瑛,配,待定,4,2,42,43,尚樱曾托付府上事务
夏寂然,配,战场,2,1,62,62,令刑泰返回调集部队
